CNTR_ID,NAME_ENGL,ISO3_CODE,CNTR_NAME,FID,geometry,region_WHO,region_UN
AR,Argentina,ARG,Argentina,AR,,America,Latin America and the Caribbean
AS,American Samoa,ASM,American Samoa-Sāmoa Amelika,AS,,Western Pacific,Oceania
AT,Austria,AUT,Österreich,AT,,Europe,Western Europe
AQ,Antarctica,ATA,Antarctica,AQ,,,
AD,Andorra,AND,Andorra,AD,,Europe,Southern Europe
AE,United Arab Emirates,ARE,الإمارات العربية المتحدة,AE,,Eastern Mediterranean,Western Asia
AF,Afghanistan,AFG,افغانستان-افغانستان,AF,,Eastern Mediterranean,Southern Asia
AG,Antigua and Barbuda,ATG,Antigua and Barbuda,AG,,America,Latin America and the Caribbean
AI,Anguilla,AIA,Anguilla,AI,,America,Latin America and the Caribbean
AL,Albania,ALB,Shqipëria,AL,,Europe,Southern Europe
AM,Armenia,ARM,Հայաստան,AM,,Europe,Western Asia
AO,Angola,AGO,Angola,AO,,Africa,Sub-Saharan Africa
AU,Australia,AUS,Australia,AU,,Western Pacific,Australia and New Zealand
AW,Aruba,ABW,Aruba-Aruba,AW,,America,Latin America and the Caribbean
AZ,Azerbaijan,AZE,Azərbaycan,AZ,,Europe,Western Asia
BA,Bosnia and Herzegovina,BIH,Bosna I Hercegovina-Bosna I Hercegovina-Босна И Херцеговина,BA,,Europe,Southern Europe
BB,Barbados,BRB,Barbados,BB,,America,Latin America and the Caribbean
BD,Bangladesh,BGD,People’S Republic of Bangladesh,BD,,South East Asia,Southern Asia
BE,Belgium,BEL,Belgien-Belgique-België,BE,,Europe,Western Europe
BF,Burkina Faso,BFA,Burkina Faso,BF,,Africa,Sub-Saharan Africa
BG,Bulgaria,BGR,България,BG,,Europe,Eastern Europe
BH,Bahrain,BHR,مملكة البحرين,BH,,Eastern Mediterranean,Western Asia
BI,Burundi,BDI,Burundi-Burundi,BI,,Africa,Sub-Saharan Africa
BJ,Benin,BEN,Bénin,BJ,,Africa,Sub-Saharan Africa
BL,Saint Barthélemy,BLM,Saint-Barthélemy,BL,,America,Latin America and the Caribbean
BM,Bermuda,BMU,Bermuda,BM,,America,Northern America
BN,Brunei,BRN,Brunei,BN,,Western Pacific,South-eastern Asia
BO,Bolivia,BOL,Wuliwya-Volívia-Bulivya-Bolivia,BO,,America,Latin America and the Caribbean
BQ,"Bonaire, Sint Eustatius and Saba",BES,"Bonaire, Sint Eustatius and Saba",BQ,,America,Latin America and the Caribbean
BR,Brazil,BRA,Brasil,BR,,America,Latin America and the Caribbean
CN,China,CHN,中國,CN,,Western Pacific,Eastern Asia
BS,Bahamas,BHS,Bahamas,BS,,America,Latin America and the Caribbean
BT,Bhutan,BTN,Kingdom of Bhutan,BT,,South East Asia,Southern Asia
BV,Bouvet Island,BVT,Bouvetøya,BV,,America,Latin America and the Caribbean
BW,Botswana,BWA,Botswana-Botswana,BW,,Africa,Sub-Saharan Africa
BY,Belarus,BLR,Беларусь,BY,,Europe,Eastern Europe
BZ,Belize,BLZ,Belize,BZ,,America,Latin America and the Caribbean
CO,Colombia,COL,Colombia,CO,,America,Latin America and the Caribbean
CP,Clipperton Island,CPT,Île Clipperton,CP,,,
CR,Costa Rica,CRI,Costa Rica,CR,,America,Latin America and the Caribbean
CU,Cuba,CUB,Cuba,CU,,America,Latin America and the Caribbean
CV,Cape Verde,CPV,Cabo Verde,CV,,Africa,Sub-Saharan Africa
CW,Curaçao,CUW,Curaçao,CW,,America,Latin America and the Caribbean
CX,Christmas Island,CXR,Christmas Island,CX,,Western Pacific,Australia and New Zealand
CY,Cyprus,CYP,Κύπρος-Kıbrıs,CY,,Europe,Western Asia
CZ,Czechia,CZE,Česká Republika,CZ,,Europe,Eastern Europe
CM,Cameroon,CMR,Cameroon-Cameroun,CM,,Africa,Sub-Saharan Africa
GL,Greenland,GRL,Grønland-Kalaallit Nunaat,GL,,America,Northern America
GM,Gambia,GMB,Gambia,GM,,Africa,Sub-Saharan Africa
GN,Guinea,GIN,Guinée,GN,,Africa,Sub-Saharan Africa
GQ,Equatorial Guinea,GNQ,Guinée Équatoriale-Guinea Ecuatorial,GQ,,Africa,Sub-Saharan Africa
GS,South Georgia and The South Sandwich Islands,SGS,South Georgia and The South Sandwich Islands,GS,,America,Latin America and the Caribbean
GT,Guatemala,GTM,Guatemala,GT,,America,Latin America and the Caribbean
GU,Guam,GUM,Guåhan-Guam,GU,,Western Pacific,Oceania
CA,Canada,CAN,Canada-Canada,CA,,America,Northern America
CC,Cocos (Keeling) Islands,CCK,Cocos Keeling Islands,CC,,Western Pacific,Australia and New Zealand
CD,Democratic Republic of The Congo,COD,République Démocratique du Congo-Kongo-Kongó-Kongu-Kongo,CD,,Africa,Sub-Saharan Africa
CF,Central African Republic,CAF,République Centrafricaine-Ködörösêse Tî Bêafrîka,CF,,Africa,Sub-Saharan Africa
CG,Congo,COG,Congo-Kongo-Kongó,CG,,Africa,Sub-Saharan Africa
CH,Switzerland,CHE,Schweiz-Suisse-Svizzera-Svizra,CH,,Europe,Western Europe
CI,Côte D’Ivoire,CIV,Côte D’Ivoire,CI,,Africa,Sub-Saharan Africa
CK,Cook Islands,COK,Cook Islands-Kūki 'Āirani,CK,,Western Pacific,Oceania
CL,Chile,CHL,Chile,CL,,America,Latin America and the Caribbean
ES,Spain,ESP,España,ES,,Europe,Southern Europe
ET,Ethiopia,ETH,Federal Democratic Republic of Ethiopia,ET,,Africa,Sub-Saharan Africa
FI,Finland,FIN,Suomi-Finland,FI,,Europe,Northern Europe
FJ,Fiji,FJI,Fiji-Viti-फ़िजी,FJ,,Western Pacific,Oceania
FK,Falkland Islands,FLK,Falkland Islands,FK,,America,Latin America and the Caribbean
FM,Micronesia,FSM,Micronesia,FM,,Western Pacific,Oceania
FO,Faroes,FRO,Færøerne-Føroyar,FO,,Europe,Northern Europe
GG,Guernsey,GGY,Guernsey-Guernesey,GG,,Europe,Northern Europe
GH,Ghana,GHA,Ghana,GH,,Africa,Sub-Saharan Africa
GI,Gibraltar,GIB,Gibraltar,GI,,Europe,Southern Europe
GW,Guinea-Bissau,GNB,Guiné-Bissau,GW,,Africa,Sub-Saharan Africa
GY,Guyana,GUY,Guyana,GY,,America,Latin America and the Caribbean
HK,Hong Kong,HKG,香港,HK,,Western Pacific,Eastern Asia
HM,Heard Island and Mcdonald Islands,HMD,Heard Island and Mcdonald Islands,HM,,Western Pacific,Australia and New Zealand
NG,Nigeria,NGA,Nigeria,NG,,Africa,Sub-Saharan Africa
NL,Netherlands,NLD,Nederland,NL,,Europe,Western Europe
NP,Nepal,NPL,नेपाल,NP,,South East Asia,Southern Asia
NR,Nauru,NRU,Nauru-Naoero,NR,,Western Pacific,Oceania
NU,Niue,NIU,Niue-Niuē,NU,,Western Pacific,Oceania
KN,Saint Kitts and Nevis,KNA,Saint Kitts and Nevis,KN,,America,Latin America and the Caribbean
RS,Serbia,SRB,Србија,RS,,Europe,Southern Europe
FR,France,FRA,France,FR,,Europe,Western Europe
HR,Croatia,HRV,Hrvatska,HR,,Europe,Southern Europe
HT,Haiti,HTI,Haïti-Ayiti,HT,,America,Latin America and the Caribbean
HU,Hungary,HUN,Magyarország,HU,,Europe,Eastern Europe
IS,Iceland,ISL,Ísland,IS,,Europe,Northern Europe
IT,Italy,ITA,Italia,IT,,Europe,Southern Europe
JE,Jersey,JEY,Jersey-Jersey,JE,,Europe,Northern Europe
JM,Jamaica,JAM,Jamaica,JM,,America,Latin America and the Caribbean
JO,Jordan,JOR,الأردن,JO,,Eastern Mediterranean,Western Asia
KE,Kenya,KEN,Kenya-Kenya,KE,,Africa,Sub-Saharan Africa
KG,Kyrgyzstan,KGZ,Kırgızstan-Кыргызстан,KG,,Europe,Central Asia
DE,Germany,DEU,Deutschland,DE,,Europe,Western Europe
DJ,Djibouti,DJI,جيبوتي-Djibouti-Jabuuti,DJ,,Eastern Mediterranean,Sub-Saharan Africa
DK,Denmark,DNK,Danmark,DK,,Europe,Northern Europe
DM,Dominica,DMA,Dominica-Dominique,DM,,America,Latin America and the Caribbean
DO,Dominican Republic,DOM,República Dominicana,DO,,America,Latin America and the Caribbean
DZ,Algeria,DZA,الجزائر,DZ,,Africa,Northern Africa
EC,Ecuador,ECU,Ikwadur-Ecuador,EC,,America,Latin America and the Caribbean
EE,Estonia,EST,Eesti,EE,,Europe,Northern Europe
EG,Egypt,EGY,مصر,EG,,Eastern Mediterranean,Northern Africa
EH,Western Sahara,ESH,الصحراء الغربية,EH,,Africa,Northern Africa
ER,Eritrea,ERI,إريتريا-Eritrea-ኤርትራ,ER,,Africa,Sub-Saharan Africa
GA,Gabon,GAB,Gabon,GA,,Africa,Sub-Saharan Africa
GD,Grenada,GRD,Grenada,GD,,America,Latin America and the Caribbean
GE,Georgia,GEO,საქართველო,GE,,Europe,Western Asia
HN,Honduras,HND,Honduras,HN,,America,Latin America and the Caribbean
EL,Greece,GRC,Ελλάδα,EL,,Europe,Southern Europe
PE,Peru,PER,Piruw-Piruw-Perú,PE,,America,Latin America and the Caribbean
KR,South Korea,KOR,대한민국,KR,,Western Pacific,Eastern Asia
KW,Kuwait,KWT,الكويت,KW,,Eastern Mediterranean,Western Asia
KY,Cayman Islands,CYM,Cayman Islands,KY,,America,Latin America and the Caribbean
KZ,Kazakhstan,KAZ,Қазақстан,KZ,,Europe,Central Asia
LA,Laos,LAO,ປະເທດລາວ,LA,,Western Pacific,South-eastern Asia
LB,Lebanon,LBN,لبنان,LB,,Eastern Mediterranean,Western Asia
LC,Saint Lucia,LCA,Saint Lucia,LC,,America,Latin America and the Caribbean
LI,Liechtenstein,LIE,Liechtenstein,LI,,Europe,Western Europe
LK,Sri Lanka,LKA,ශ්‍රී ලංකාව-இலங்கை,LK,,South East Asia,Southern Asia
NO,Norway,NOR,Norga-Noreg-Norge,NO,,Europe,Northern Europe
KP,North Korea,PRK,조선민주주의인민공화국,KP,,South East Asia,Eastern Asia
JP,Japan,JPN,日本,JP,,Western Pacific,Eastern Asia
KH,Cambodia,KHM,កម្ពុជា,KH,,Western Pacific,South-eastern Asia
KI,Kiribati,KIR,Kiribati,KI,,Western Pacific,Oceania
KM,Comoros,COM,جزر القمر-Comores-Komori,KM,,Africa,Sub-Saharan Africa
ID,Indonesia,IDN,Indonesia,ID,,South East Asia,South-eastern Asia
IE,Ireland,IRL,Ireland-Éire,IE,,Europe,Northern Europe
IL,Israel,ISR,إسرائيل-ישראל,IL,,Europe,Western Asia
IM,Isle of Man,IMN,Isle of Man-Ellan Vannin,IM,,Europe,Northern Europe
IO,British Indian Ocean Territory,IOT,British Indian Ocean Territory,IO,,Africa,Sub-Saharan Africa
IQ,Iraq,IRQ,العراق-Îraq,IQ,,Eastern Mediterranean,Western Asia
NI,Nicaragua,NIC,Nicaragua,NI,,America,Latin America and the Caribbean
IN,India,IND,India-भारत,IN,,South East Asia,Southern Asia
IR,Iran,IRN,ایران,IR,,Eastern Mediterranean,Southern Asia
MM,Myanmar/Burma,MMR,Myanma,MM,,South East Asia,South-eastern Asia
MN,Mongolia,MNG,Монгол Улс,MN,,Western Pacific,Eastern Asia
MO,Macau,MAC,澳門-Macau,MO,,Western Pacific,Eastern Asia
MP,Northern Mariana Islands,MNP,Northern Mariana Islands-Notte Mariånas-Northern Mariana Islands,MP,,Western Pacific,Oceania
MR,Mauritania,MRT,موريتانيا,MR,,Africa,Sub-Saharan Africa
MS,Montserrat,MSR,Montserrat,MS,,America,Latin America and the Caribbean
MT,Malta,MLT,Malta-Malta,MT,,Europe,Southern Europe
MU,Mauritius,MUS,Mauritius,MU,,Africa,Sub-Saharan Africa
MV,Maldives,MDV,Republic of Maldives,MV,,South East Asia,Southern Asia
MW,Malawi,MWI,Malawi-Malaŵi,MW,,Africa,Sub-Saharan Africa
MX,Mexico,MEX,México,MX,,America,Latin America and the Caribbean
MY,Malaysia,MYS,Malaysia,MY,,Western Pacific,South-eastern Asia
MZ,Mozambique,MOZ,Moçambique,MZ,,Africa,Sub-Saharan Africa
NA,Namibia,NAM,Namibia,NA,,Africa,Sub-Saharan Africa
NC,New Caledonia,NCL,Nouvelle-Calédonie,NC,,Western Pacific,Oceania
NE,Niger,NER,Niger,NE,,Africa,Sub-Saharan Africa
NF,Norfolk Island,NFK,Norfolk Island-Norfuk Ailen,NF,,Western Pacific,Australia and New Zealand
NZ,New Zealand,NZL,New Zealand-Aotearoa,NZ,,Western Pacific,Australia and New Zealand
OM,Oman,OMN,سلطنة عمان,OM,,Eastern Mediterranean,Western Asia
PA,Panama,PAN,Panamá,PA,,America,Latin America and the Caribbean
PH,Philippines,PHL,Philippines-Pilipinas,PH,,Western Pacific,South-eastern Asia
PR,Puerto Rico,PRI,Puerto Rico,PR,,America,Latin America and the Caribbean
PS,Palestine,PSE,فلسطين,PS,,Eastern Mediterranean,Western Asia
PT,Portugal,PRT,Portugal,PT,,Europe,Southern Europe
PW,Palau,PLW,Palau-Belau,PW,,Western Pacific,Oceania
PY,Paraguay,PRY,Paraguay-Paraguái,PY,,America,Latin America and the Caribbean
QA,Qatar,QAT,قطر,QA,,Eastern Mediterranean,Western Asia
RO,Romania,ROU,România,RO,,Europe,Eastern Europe
PF,French Polynesia,PYF,Polynésie Française,PF,,Western Pacific,Oceania
PK,Pakistan,PAK,Pakistan-پاكستان,PK,,Eastern Mediterranean,Southern Asia
PL,Poland,POL,Polska,PL,,Europe,Eastern Europe
PM,Saint Pierre and Miquelon,SPM,Saint-Pierre-Et-Miquelon,PM,,America,Northern America
PN,Pitcairn Islands,PCN,Pitcairn Islands-Pitkern Ailen,PN,,Western Pacific,Oceania
LR,Liberia,LBR,Liberia,LR,,Africa,Sub-Saharan Africa
LS,Lesotho,LSO,Lesotho-Lesotho,LS,,Africa,Sub-Saharan Africa
LT,Lithuania,LTU,Lietuva,LT,,Europe,Northern Europe
LU,Luxembourg,LUX,Luxemburg-Luxembourg-Lëtzebuerg,LU,,Europe,Western Europe
PG,Papua New Guinea,PNG,Papua New Guinea-Papua Niu Gini-Papua Niugini,PG,,Western Pacific,Oceania
LV,Latvia,LVA,Latvija,LV,,Europe,Northern Europe
LY,Libya,LBY,دولة ليبيا,LY,,Eastern Mediterranean,Northern Africa
MA,Morocco,MAR,المغرب,MA,,Eastern Mediterranean,Northern Africa
MC,Monaco,MCO,Monaco,MC,,Europe,Western Europe
MD,Moldova,MDA,Moldova,MD,,Europe,Eastern Europe
ME,Montenegro,MNE,Црна Гора,ME,,Europe,Southern Europe
MG,Madagascar,MDG,Madagascar-Madagasikara,MG,,Africa,Sub-Saharan Africa
MH,Marshall Islands,MHL,Marshall Islands-Aorōkin M̧Ajeļ,MH,,Western Pacific,Oceania
MK,North Macedonia,MKD,Северна Македонија,MK,,Europe,Southern Europe
ML,Mali,MLI,Mali,ML,,Africa,Sub-Saharan Africa
RU,Russian Federation,RUS,Россия,RU,,Europe,Eastern Europe
RW,Rwanda,RWA,Rwanda-Rwanda-Rwanda,RW,,Africa,Sub-Saharan Africa
SA,Saudi Arabia,SAU,السعودية,SA,,Eastern Mediterranean,Western Asia
SB,Solomon Islands,SLB,Solomon Islands,SB,,Western Pacific,Oceania
TJ,Tajikistan,TJK,Тоҷикистон,TJ,,Europe,Central Asia
TK,Tokelau,TKL,Tokelau-Tokelau,TK,,Western Pacific,Oceania
TL,Timor-Leste,TLS,Timor-Leste-Timor Lorosae,TL,,South East Asia,South-eastern Asia
TM,Turkmenistan,TKM,Türkmenistan,TM,,Europe,Central Asia
TN,Tunisia,TUN,تونس,TN,,Eastern Mediterranean,Northern Africa
TO,Tonga,TON,Tonga-Tonga,TO,,Western Pacific,Oceania
TR,Turkey,TUR,Türkiye,TR,,Europe,Western Asia
TT,Trinidad and Tobago,TTO,Trinidad and Tobago,TT,,America,Latin America and the Caribbean
TV,Tuvalu,TUV,Tuvalu-Tuvalu,TV,,Western Pacific,Oceania
TZ,United Republic of Tanzania,TZA,Tanzania,TZ,,Africa,Sub-Saharan Africa
UA,Ukraine,UKR,Україна,UA,,Europe,Eastern Europe
UG,Uganda,UGA,Uganda-Uganda,UG,,Africa,Sub-Saharan Africa
UM,United States Minor Outlying Islands,UMI,United States Minor Outlying Islands,UM,,Western Pacific,Oceania
UY,Uruguay,URY,Uruguay,UY,,America,Latin America and the Caribbean
UZ,Uzbekistan,UZB,Узбекистан,UZ,,Europe,Central Asia
VA,Vatican City,VAT,Stato Della Città Del Vaticano-Status Civitatis Vaticanae,VA,,Europe,Southern Europe
VC,Saint Vincent and The Grenadines,VCT,Saint Vincent and The Grenadines,VC,,America,Latin America and the Caribbean
UK,United Kingdom,GBR,United Kingdom,UK,,Europe,Northern Europe
VN,Vietnam,VNM,Việt Nam,VN,,Western Pacific,South-eastern Asia
VU,Vanuatu,VUT,Vanuatu-Vanuatu-Vanuatu,VU,,Western Pacific,Oceania
WF,Wallis and Futuna,WLF,Wallis-Et-Futuna,WF,,Western Pacific,Oceania
WS,Samoa,WSM,Samoa-Sāmoa,WS,,Western Pacific,Oceania
XA,Paracel Islands,XA,Paracel Islands (Disputed Territory),XA,,,
XB,Spratly Islands,XB,Spratly Islands (Disputed Territory),XB,,,
XC,Aksai Chin,XC,Aksai Chin (Disputed Territory),XC,,,
XD,Arunachal Pradesh,XD,Arunashal Pradesh (Disputed Territory),XD,,,
XE,China/India,XE,China/India (Disputed Territory),XE,,,
XF,Hala'Ib Triangle,XF,Hala'Ib Triangle (Disputed Territory),XF,,,
XG,Ilemi Triangle,XG,Ilemi Triangle (Disputed Territory),XG,,,
XH,Jammu Kashmir,XH,Jammu Kashmir (Disputed Territory),XH,,,
XI,Kuril Islands,XI,Kuril Islands (Disputed Territory),XI,,,
XL,Navassa Island,XL,Navassa Island (Disputed Territory),XL,,,
US,United States,USA,United States,US,,America,Northern America
ZW,Zimbabwe,ZWE,Zimbabwe,ZW,,Africa,Sub-Saharan Africa
VE,Venezuela,VEN,Venezuela,VE,,America,Latin America and the Caribbean
VG,British Virgin Islands,VGB,British Virgin Islands,VG,,America,Latin America and the Caribbean
VI,Us Virgin Islands,VIR,Us Virgin Islands,VI,,America,Latin America and the Caribbean
SC,Seychelles,SYC,Sesel-Seychelles-Seychelles,SC,,Africa,Sub-Saharan Africa
SD,Sudan,SDN,السودان-Sudan,SD,,Eastern Mediterranean,Northern Africa
SE,Sweden,SWE,Sverige,SE,,Europe,Northern Europe
SG,Singapore,SGP,新加坡-Singapore-Singapura-சிங்கப்பூர்,SG,,Western Pacific,South-eastern Asia
SH,"Saint Helena, Ascension and Tristan Da Cunha",SHN,"Saint Helena, Ascension and Tristan Da Cunha",SH,,Africa,Sub-Saharan Africa
SI,Slovenia,SVN,Slovinsko,SI,,Europe,Southern Europe
SJ,Svalbard and Jan Mayen,SJM,Svalbard Og Jan Mayen,SJ,,Europe,Northern Europe
SK,Slovakia,SVK,Slovensko,SK,,Europe,Eastern Europe
SL,Sierra Leone,SLE,Sierra Leone,SL,,Africa,Sub-Saharan Africa
SM,San Marino,SMR,San Marino,SM,,Europe,Southern Europe
SN,Senegal,SEN,Sénégal,SN,,Africa,Sub-Saharan Africa
SO,Somalia,SOM,الصومال-Soomaaliya,SO,,Eastern Mediterranean,Sub-Saharan Africa
SR,Suriname,SUR,Suriname,SR,,America,Latin America and the Caribbean
SS,South Sudan,SSD,South Sudan,SS,,Africa,Sub-Saharan Africa
ST,São Tomé and Príncipe,STP,São Tomé E Príncipe,ST,,Africa,Sub-Saharan Africa
SV,El Salvador,SLV,El Salvador,SV,,America,Latin America and the Caribbean
SX,Sint-Maarten,SXM,Sint-Maarten,SX,,America,Latin America and the Caribbean
SY,Syria,SYR,سوريا,SY,,Eastern Mediterranean,Western Asia
SZ,Eswatini,SWZ,Kingdom of Eswatini,SZ,,Africa,Sub-Saharan Africa
TC,Turks and Caicos Islands,TCA,Turks and Caicos Islands,TC,,America,Latin America and the Caribbean
TD,Chad,TCD,تشاد-Tchad,TD,,Africa,Sub-Saharan Africa
TF,French Southern and Antarctic Lands,ATF,Terres Australes Et Antarctiques Françaises,TF,,Africa,Sub-Saharan Africa
TG,Togo,TGO,Togo,TG,,Africa,Sub-Saharan Africa
TH,Thailand,THA,ประเทศไทย,TH,,South East Asia,South-eastern Asia
XM,Scarborough Reef,XM,Scarborough Reef (Disputed Territory),XM,,,
XN,Senkaku Islands,XN,Senkaku Islands (Disputed Territory),XN,,,
XO,Bassas Da India,XO,"Fr Territory (Juan de Nova, Glorioso, Europa, Tromelin, Bassas Da India)",XO,,,
XU,Abyei,XU,Abyei Region (Disputed Territory),XU,,,
XV,Bir Tawil (Disputed Territory),XV,Bir Tawil (Disputed Territory),XV,,,
YE,Yemen,YEM,اليمن,YE,,Eastern Mediterranean,Western Asia
ZA,South Africa,ZAF,Suid-Afrika-South Africa-Sewula Afrika-Afrika-Borwa-Afrika-Borwa-Ningizimu Afrika-Aforika Borwa-Afrika Dzonga-Afurika Tshipembe-Mzantsi Afrika-Ningizimu Afrika,ZA,,Africa,Sub-Saharan Africa
ZM,Zambia,ZMB,Zambia,ZM,,Africa,Sub-Saharan Africa
